job_id,metric,value,status,duration_ms
1,commits,117,success,515
2,pull_requests,85,success,143
3,issues,133,success,368
4,stars,99,success,156
5,forks,96,success,507
6,workflow_runs,122,success,174
7,commits,123,success,421
8,pull_requests,77,success,155
9,issues,135,success,252
10,stars,147,success,400
11,forks,154,success,112
12,workflow_runs,94,success,258
13,commits,131,success,422
14,pull_requests,92,success,498
15,issues,88,success,351
16,stars,120,success,162
17,forks,124,success,276
18,workflow_runs,109,success,187
19,commits,109,success,541
20,pull_requests,109,success,120
21,issues,92,success,184
22,stars,125,success,150
23,forks,103,success,481
24,workflow_runs,161,success,510
25,commits,142,success,435
26,pull_requests,108,success,580
27,issues,115,success,315
28,stars,94,success,437
29,forks,167,success,323
30,workflow_runs,145,success,269
31,commits,148,success,141
32,pull_requests,113,success,376
33,issues,110,success,433
34,stars,133,success,430
35,forks,165,success,278
36,workflow_runs,119,success,524
37,commits,92,success,497
38,pull_requests,165,success,240
39,issues,113,success,515
40,stars,109,success,305
41,forks,130,success,425
42,workflow_runs,86,success,440
43,commits,109,success,277
44,pull_requests,130,success,491
45,issues,110,success,591
46,stars,128,success,334
47,forks,142,success,495
48,workflow_runs,135,success,204
49,commits,75,success,159
50,pull_requests,87,success,369
51,issues,95,success,111
52,stars,123,success,321
53,forks,158,success,585
54,workflow_runs,127,success,508
